"DisplayName","InstallDate","TimeLogged","Exported","RowError","RowState","Table","ItemArray","HasErrors"
"Air Explorer","","2025-07-23 15:57:35","0","","Added","","System.Object[]","False"
"DisplayName","InstallDate","TimeLogged","Exported","RowError","RowState","Table","ItemArray","HasErrors"
"AutoHotkey","","2025-07-23 15:57:35","0","","Added","","System.Object[]","False"
"DisplayName","InstallDate","TimeLogged","Exported","RowError","RowState","Table","ItemArray","HasErrors"
"Bambu Studio","","2025-07-23 15:57:35","0","","Added","","System.Object[]","False"
"DisplayName","InstallDate","TimeLogged","Exported","RowError","RowState","Table","ItemArray","HasErrors"
"Kyocera Product Library","","2025-07-23 15:57:35","0","","Added","","System.Object[]","False"
"DisplayName","InstallDate","TimeLogged","Exported","RowError","RowState","Table","ItemArray","HasErrors"
"Macrium Reflect Free","06.01.2025","2025-07-23 15:57:35","0","","Added","","System.Object[]","False"
"DisplayName","InstallDate","TimeLogged","Exported","RowError","RowState","Table","ItemArray","HasErrors"
"Notepad++ (64-bit x64)","","2025-07-23 15:57:35","0","","Added","","System.Object[]","False"
"DisplayName","InstallDate","TimeLogged","Exported","RowError","RowState","Table","ItemArray","HasErrors"
"ONLYOFFICE 9.0.3 (x64)","20250721","2025-07-23 15:57:35","0","","Added","","System.Object[]","False"
"DisplayName","InstallDate","TimeLogged","Exported","RowError","RowState","Table","ItemArray","HasErrors"
"Sophos Endpoint Agent","20250723","2025-07-23 15:57:35","0","","Added","","System.Object[]","False"
"DisplayName","InstallDate","TimeLogged","Exported","RowError","RowState","Table","ItemArray","HasErrors"
"Sophos Endpoint Defense","20250723","2025-07-23 15:57:35","0","","Added","","System.Object[]","False"
"DisplayName","InstallDate","TimeLogged","Exported","RowError","RowState","Table","ItemArray","HasErrors"
"Sophos ML Engine","","2025-07-23 15:57:35","0","","Added","","System.Object[]","False"
"DisplayName","InstallDate","TimeLogged","Exported","RowError","RowState","Table","ItemArray","HasErrors"
"Sophos Standalone Engine","","2025-07-23 15:57:35","0","","Added","","System.Object[]","False"
"DisplayName","InstallDate","TimeLogged","Exported","RowError","RowState","Table","ItemArray","HasErrors"
"Microsoft Office LTSC Standard 2021 - de-de","","2025-07-23 15:57:35","0","","Added","","System.Object[]","False"
"DisplayName","InstallDate","TimeLogged","Exported","RowError","RowState","Table","ItemArray","HasErrors"
"Microsoft Office LTSC Standard 2021 - en-us","","2025-07-23 15:57:35","0","","Added","","System.Object[]","False"
"DisplayName","InstallDate","TimeLogged","Exported","RowError","RowState","Table","ItemArray","HasErrors"
"Total Commander 64-bit (Remove or Repair)","","2025-07-23 15:57:35","0","","Added","","System.Object[]","False"
"DisplayName","InstallDate","TimeLogged","Exported","RowError","RowState","Table","ItemArray","HasErrors"
"WinMerge 2.16.48.2 x64","20250513","2025-07-23 15:57:35","0","","Added","","System.Object[]","False"
"DisplayName","InstallDate","TimeLogged","Exported","RowError","RowState","Table","ItemArray","HasErrors"
"Zotero","","2025-07-23 15:57:35","0","","Added","","System.Object[]","False"
"DisplayName","InstallDate","TimeLogged","Exported","RowError","RowState","Table","ItemArray","HasErrors"
"Microsoft.NET.Workload.Emscripten.net8.Manifest (x64)","20250618","2025-07-23 15:57:35","0","","Added","","System.Object[]","False"
"DisplayName","InstallDate","TimeLogged","Exported","RowError","RowState","Table","ItemArray","HasErrors"
"TortoiseGit 2.17.0.2 (64 bit)","20250523","2025-07-23 15:57:35","0","","Added","","System.Object[]","False"
"DisplayName","InstallDate","TimeLogged","Exported","RowError","RowState","Table","ItemArray","HasErrors"
"Microsoft .NET Runtime - 8.0.18 (x64)","20250721","2025-07-23 15:57:35","0","","Added","","System.Object[]","False"
"DisplayName","InstallDate","TimeLogged","Exported","RowError","RowState","Table","ItemArray","HasErrors"
"Microsoft ASP.NET Core 9.0.7 Shared Framework (x64)","20250721","2025-07-23 15:57:35","0","","Added","","System.Object[]","False"
"DisplayName","InstallDate","TimeLogged","Exported","RowError","RowState","Table","ItemArray","HasErrors"
"Microsoft .NET Host - 9.0.7 (x64)","20250721","2025-07-23 15:57:35","0","","Added","","System.Object[]","False"
"DisplayName","InstallDate","TimeLogged","Exported","RowError","RowState","Table","ItemArray","HasErrors"
"Microsoft ASP.NET Core 8.0.18 Shared Framework (x64)","20250721","2025-07-23 15:57:35","0","","Added","","System.Object[]","False"
"DisplayName","InstallDate","TimeLogged","Exported","RowError","RowState","Table","ItemArray","HasErrors"
"Microsoft.NET.Workload.Emscripten.net7.Manifest (x64)","20250721","2025-07-23 15:57:35","0","","Added","","System.Object[]","False"
"DisplayName","InstallDate","TimeLogged","Exported","RowError","RowState","Table","ItemArray","HasErrors"
"Sophos AutoUpdate","20250723","2025-07-23 15:57:35","0","","Added","","System.Object[]","False"
"DisplayName","InstallDate","TimeLogged","Exported","RowError","RowState","Table","ItemArray","HasErrors"
"Microsoft.NET.Workload.Mono.Toolchain.net8.Manifest (x64)","20250618","2025-07-23 15:57:35","0","","Added","","System.Object[]","False"
"DisplayName","InstallDate","TimeLogged","Exported","RowError","RowState","Table","ItemArray","HasErrors"
"STARFACE Updater v1.1.0.8","20250115","2025-07-23 15:57:35","0","","Added","","System.Object[]","False"
"DisplayName","InstallDate","TimeLogged","Exported","RowError","RowState","Table","ItemArray","HasErrors"
"Microsoft ASP.NET Core 9.0.7 Targeting Pack (x64)","20250721","2025-07-23 15:57:35","0","","Added","","System.Object[]","False"
"DisplayName","InstallDate","TimeLogged","Exported","RowError","RowState","Table","ItemArray","HasErrors"
"Sophos AMSI Protection","20250723","2025-07-23 15:57:35","0","","Added","","System.Object[]","False"
"DisplayName","InstallDate","TimeLogged","Exported","RowError","RowState","Table","ItemArray","HasErrors"
"Microsoft.NET.Sdk.Maui.Manifest-8.0.100 (x64)","20250116","2025-07-23 15:57:35","0","","Added","","System.Object[]","False"
"DisplayName","InstallDate","TimeLogged","Exported","RowError","RowState","Table","ItemArray","HasErrors"
"Microsoft Windows Desktop Targeting Pack - 9.0.6 (x64)","20250618","2025-07-23 15:57:35","0","","Added","","System.Object[]","False"
"DisplayName","InstallDate","TimeLogged","Exported","RowError","RowState","Table","ItemArray","HasErrors"
"Microsoft.NET.Sdk.macOS.Manifest-9.0.100 (x64)","20250225","2025-07-23 15:57:35","0","","Added","","System.Object[]","False"
"DisplayName","InstallDate","TimeLogged","Exported","RowError","RowState","Table","ItemArray","HasErrors"
"Microsoft.NET.Workload.Mono.Toolchain.Current.Manifest (x64)","20250721","2025-07-23 15:57:35","0","","Added","","System.Object[]","False"
"DisplayName","InstallDate","TimeLogged","Exported","RowError","RowState","Table","ItemArray","HasErrors"
"Windows Subsystem for Linux","20250326","2025-07-23 15:57:35","0","","Added","","System.Object[]","False"
"DisplayName","InstallDate","TimeLogged","Exported","RowError","RowState","Table","ItemArray","HasErrors"
"Microsoft.NET.Workload.Mono.Toolchain.net7.Manifest (x64)","20250618","2025-07-23 15:57:35","0","","Added","","System.Object[]","False"
"DisplayName","InstallDate","TimeLogged","Exported","RowError","RowState","Table","ItemArray","HasErrors"
"Microsoft .NET Runtime - 9.0.7 (x64)","20250721","2025-07-23 15:57:35","0","","Added","","System.Object[]","False"
"DisplayName","InstallDate","TimeLogged","Exported","RowError","RowState","Table","ItemArray","HasErrors"
"Microsoft .NET Host FX Resolver - 9.0.7 (x64)","20250721","2025-07-23 15:57:35","0","","Added","","System.Object[]","False"
"DisplayName","InstallDate","TimeLogged","Exported","RowError","RowState","Table","ItemArray","HasErrors"
"PowerToys (Preview)","20250721","2025-07-23 15:57:35","0","","Added","","System.Object[]","False"
"DisplayName","InstallDate","TimeLogged","Exported","RowError","RowState","Table","ItemArray","HasErrors"
"Cryptomator","20250721","2025-07-23 15:57:35","0","","Added","","System.Object[]","False"
"DisplayName","InstallDate","TimeLogged","Exported","RowError","RowState","Table","ItemArray","HasErrors"
"Sophos Endpoint Agent","20250723","2025-07-23 15:57:35","0","","Added","","System.Object[]","False"
"DisplayName","InstallDate","TimeLogged","Exported","RowError","RowState","Table","ItemArray","HasErrors"
"Sophos Endpoint Firewall","20250723","2025-07-23 15:57:35","0","","Added","","System.Object[]","False"
"DisplayName","InstallDate","TimeLogged","Exported","RowError","RowState","Table","ItemArray","HasErrors"
"Microsoft Windows Desktop Runtime - 8.0.18 (x64)","20250721","2025-07-23 15:57:35","0","","Added","","System.Object[]","False"
"DisplayName","InstallDate","TimeLogged","Exported","RowError","RowState","Table","ItemArray","HasErrors"
"Sophos Network Threat Protection","20250723","2025-07-23 15:57:35","0","","Added","","System.Object[]","False"
"DisplayName","InstallDate","TimeLogged","Exported","RowError","RowState","Table","ItemArray","HasErrors"
"Microsoft.NET.Sdk.Aspire.Manifest-8.0.100 (x64)","20250225","2025-07-23 15:57:35","0","","Added","","System.Object[]","False"
"DisplayName","InstallDate","TimeLogged","Exported","RowError","RowState","Table","ItemArray","HasErrors"
"Video Comparer Win64 1.07.014","20250116","2025-07-23 15:57:35","0","","Added","","System.Object[]","False"
"DisplayName","InstallDate","TimeLogged","Exported","RowError","RowState","Table","ItemArray","HasErrors"
"Microsoft.NET.Sdk.Maui.Manifest-9.0.100 (x64)","20250225","2025-07-23 15:57:35","0","","Added","","System.Object[]","False"
"DisplayName","InstallDate","TimeLogged","Exported","RowError","RowState","Table","ItemArray","HasErrors"
"Rapid Environment Editor Version 9.2.0.937","20250528","2025-07-23 15:57:35","0","","Added","","System.Object[]","False"
"DisplayName","InstallDate","TimeLogged","Exported","RowError","RowState","Table","ItemArray","HasErrors"
"Microsoft.NET.Sdk.MacCatalyst.Manifest-9.0.100 (x64)","20250225","2025-07-23 15:57:35","0","","Added","","System.Object[]","False"
"DisplayName","InstallDate","TimeLogged","Exported","RowError","RowState","Table","ItemArray","HasErrors"
"Microsoft.NET.Workload.Mono.Toolchain.net6.Manifest (x64)","20250721","2025-07-23 15:57:35","0","","Added","","System.Object[]","False"
"DisplayName","InstallDate","TimeLogged","Exported","RowError","RowState","Table","ItemArray","HasErrors"
"Microsoft Visual C++ 2022 X64 Minimum Runtime - 14.44.35211","20250721","2025-07-23 15:57:35","0","","Added","","System.Object[]","False"
"DisplayName","InstallDate","TimeLogged","Exported","RowError","RowState","Table","ItemArray","HasErrors"
"Microsoft.NET.Workload.Mono.Toolchain.Current.Manifest (x64)","20250618","2025-07-23 15:57:35","0","","Added","","System.Object[]","False"
"DisplayName","InstallDate","TimeLogged","Exported","RowError","RowState","Table","ItemArray","HasErrors"
"RealVNC Viewer 7.14.0","20250721","2025-07-23 15:57:35","0","","Added","","System.Object[]","False"
"DisplayName","InstallDate","TimeLogged","Exported","RowError","RowState","Table","ItemArray","HasErrors"
"Sophos Endpoint Self Help","20250723","2025-07-23 15:57:35","0","","Added","","System.Object[]","False"
"DisplayName","InstallDate","TimeLogged","Exported","RowError","RowState","Table","ItemArray","HasErrors"
"Microsoft Windows Desktop Targeting Pack - 8.0.18 (x64)","20250721","2025-07-23 15:57:35","0","","Added","","System.Object[]","False"
"DisplayName","InstallDate","TimeLogged","Exported","RowError","RowState","Table","ItemArray","HasErrors"
"Microsoft .NET Host FX Resolver - 8.0.18 (x64)","20250721","2025-07-23 15:57:35","0","","Added","","System.Object[]","False"
"DisplayName","InstallDate","TimeLogged","Exported","RowError","RowState","Table","ItemArray","HasErrors"
"Microsoft.NET.Workload.Emscripten.Current.Manifest (x64)","20250721","2025-07-23 15:57:35","0","","Added","","System.Object[]","False"
"DisplayName","InstallDate","TimeLogged","Exported","RowError","RowState","Table","ItemArray","HasErrors"
"STARFACE App v9.0.2.7","20250722","2025-07-23 15:57:35","0","","Added","","System.Object[]","False"
"DisplayName","InstallDate","TimeLogged","Exported","RowError","RowState","Table","ItemArray","HasErrors"
"Microsoft.NET.Sdk.tvOS.Manifest-8.0.100 (x64)","20250116","2025-07-23 15:57:35","0","","Added","","System.Object[]","False"
"DisplayName","InstallDate","TimeLogged","Exported","RowError","RowState","Table","ItemArray","HasErrors"
"Microsoft Windows Desktop Runtime - 9.0.7 (x64)","20250721","2025-07-23 15:57:35","0","","Added","","System.Object[]","False"
"DisplayName","InstallDate","TimeLogged","Exported","RowError","RowState","Table","ItemArray","HasErrors"
"Microsoft .NET Targeting Pack - 9.0.6 (x64)","20250618","2025-07-23 15:57:35","0","","Added","","System.Object[]","False"
"DisplayName","InstallDate","TimeLogged","Exported","RowError","RowState","Table","ItemArray","HasErrors"
"Microsoft .NET Targeting Pack - 9.0.7 (x64)","20250721","2025-07-23 15:57:35","0","","Added","","System.Object[]","False"
"DisplayName","InstallDate","TimeLogged","Exported","RowError","RowState","Table","ItemArray","HasErrors"
"Microsoft.NET.Workload.Emscripten.net6.Manifest (x64)","20250721","2025-07-23 15:57:35","0","","Added","","System.Object[]","False"
"DisplayName","InstallDate","TimeLogged","Exported","RowError","RowState","Table","ItemArray","HasErrors"
"Microsoft.NET.Workload.Emscripten.net7.Manifest (x64)","20250618","2025-07-23 15:57:35","0","","Added","","System.Object[]","False"
"DisplayName","InstallDate","TimeLogged","Exported","RowError","RowState","Table","ItemArray","HasErrors"
"Microsoft .NET Toolset 9.0.205 (x64)","20250618","2025-07-23 15:57:35","0","","Added","","System.Object[]","False"
"DisplayName","InstallDate","TimeLogged","Exported","RowError","RowState","Table","ItemArray","HasErrors"
"grepWin x64","20250722","2025-07-23 15:57:35","0","","Added","","System.Object[]","False"
"DisplayName","InstallDate","TimeLogged","Exported","RowError","RowState","Table","ItemArray","HasErrors"
"Microsoft .NET Host - 8.0.18 (x64)","20250721","2025-07-23 15:57:35","0","","Added","","System.Object[]","False"
"DisplayName","InstallDate","TimeLogged","Exported","RowError","RowState","Table","ItemArray","HasErrors"
"Microsoft.NET.Workload.Mono.Toolchain.net6.Manifest (x64)","20250721","2025-07-23 15:57:35","0","","Added","","System.Object[]","False"
"DisplayName","InstallDate","TimeLogged","Exported","RowError","RowState","Table","ItemArray","HasErrors"
"Microsoft Windows Desktop Runtime - 8.0.17 (x64)","20250722","2025-07-23 15:57:35","0","","Added","","System.Object[]","False"
"DisplayName","InstallDate","TimeLogged","Exported","RowError","RowState","Table","ItemArray","HasErrors"
"Microsoft Windows Desktop Runtime - 9.0.6 (x64)","20250618","2025-07-23 15:57:35","0","","Added","","System.Object[]","False"
"DisplayName","InstallDate","TimeLogged","Exported","RowError","RowState","Table","ItemArray","HasErrors"
"Microsoft .NET Runtime - 8.0.17 (x64)","20250722","2025-07-23 15:57:35","0","","Added","","System.Object[]","False"
"DisplayName","InstallDate","TimeLogged","Exported","RowError","RowState","Table","ItemArray","HasErrors"
"Microsoft.NET.Workload.Emscripten.net6.Manifest (x64)","20250618","2025-07-23 15:57:35","0","","Added","","System.Object[]","False"
"DisplayName","InstallDate","TimeLogged","Exported","RowError","RowState","Table","ItemArray","HasErrors"
"Microsoft.NET.Sdk.iOS.Manifest-8.0.100 (x64)","20250116","2025-07-23 15:57:35","0","","Added","","System.Object[]","False"
"DisplayName","InstallDate","TimeLogged","Exported","RowError","RowState","Table","ItemArray","HasErrors"
"Microsoft.NET.Sdk.iOS.Manifest-9.0.100 (x64)","20250225","2025-07-23 15:57:35","0","","Added","","System.Object[]","False"
"DisplayName","InstallDate","TimeLogged","Exported","RowError","RowState","Table","ItemArray","HasErrors"
"Microsoft.NET.Workload.Mono.Toolchain.net7.Manifest (x64)","20250721","2025-07-23 15:57:35","0","","Added","","System.Object[]","False"
"DisplayName","InstallDate","TimeLogged","Exported","RowError","RowState","Table","ItemArray","HasErrors"
"Microsoft .NET AppHost Pack - 9.0.7 (x64)","20250721","2025-07-23 15:57:35","0","","Added","","System.Object[]","False"
"DisplayName","InstallDate","TimeLogged","Exported","RowError","RowState","Table","ItemArray","HasErrors"
"Ant Download Manager (x64)","20250721","2025-07-23 15:57:35","0","","Added","","System.Object[]","False"
"DisplayName","InstallDate","TimeLogged","Exported","RowError","RowState","Table","ItemArray","HasErrors"
"Microsoft.NET.Sdk.Android.Manifest-9.0.100 (x64)","20250225","2025-07-23 15:57:35","0","","Added","","System.Object[]","False"
"DisplayName","InstallDate","TimeLogged","Exported","RowError","RowState","Table","ItemArray","HasErrors"
"Microsoft .NET AppHost Pack - 9.0.6 (x64_arm64)","20250618","2025-07-23 15:57:35","0","","Added","","System.Object[]","False"
"DisplayName","InstallDate","TimeLogged","Exported","RowError","RowState","Table","ItemArray","HasErrors"
"Microsoft.NET.Workload.Mono.Toolchain.net6.Manifest (x64)","20250618","2025-07-23 15:57:35","0","","Added","","System.Object[]","False"
"DisplayName","InstallDate","TimeLogged","Exported","RowError","RowState","Table","ItemArray","HasErrors"
"Sophos Diagnostic Utility","20250723","2025-07-23 15:57:35","0","","Added","","System.Object[]","False"
"DisplayName","InstallDate","TimeLogged","Exported","RowError","RowState","Table","ItemArray","HasErrors"
"Sophos Exploit Prevention","20250723","2025-07-23 15:57:35","0","","Added","","System.Object[]","False"
"DisplayName","InstallDate","TimeLogged","Exported","RowError","RowState","Table","ItemArray","HasErrors"
"Microsoft Visual C++ 2022 X64 Additional Runtime - 14.44.35211","20250721","2025-07-23 15:57:35","0","","Added","","System.Object[]","False"
"DisplayName","InstallDate","TimeLogged","Exported","RowError","RowState","Table","ItemArray","HasErrors"
"pCloud Drive","20250516","2025-07-23 15:57:35","0","","Added","","System.Object[]","False"
"DisplayName","InstallDate","TimeLogged","Exported","RowError","RowState","Table","ItemArray","HasErrors"
"Microsoft ASP.NET Core 9.0.6 Targeting Pack (x64)","20250618","2025-07-23 15:57:35","0","","Added","","System.Object[]","False"
"DisplayName","InstallDate","TimeLogged","Exported","RowError","RowState","Table","ItemArray","HasErrors"
"Microsoft.NET.Sdk.MacCatalyst.Manifest-8.0.100 (x64)","20250116","2025-07-23 15:57:35","0","","Added","","System.Object[]","False"
"DisplayName","InstallDate","TimeLogged","Exported","RowError","RowState","Table","ItemArray","HasErrors"
"Microsoft.NET.Workload.Emscripten.Current.Manifest (x64)","20250721","2025-07-23 15:57:35","0","","Added","","System.Object[]","False"
"DisplayName","InstallDate","TimeLogged","Exported","RowError","RowState","Table","ItemArray","HasErrors"
"Microsoft .NET Toolset 9.0.303 (x64)","20250721","2025-07-23 15:57:35","0","","Added","","System.Object[]","False"
"DisplayName","InstallDate","TimeLogged","Exported","RowError","RowState","Table","ItemArray","HasErrors"
"Office 16 Click-to-Run Licensing Component","20250721","2025-07-23 15:57:35","0","","Added","","System.Object[]","False"
"DisplayName","InstallDate","TimeLogged","Exported","RowError","RowState","Table","ItemArray","HasErrors"
"Office 16 Click-to-Run Extensibility Component","20250721","2025-07-23 15:57:35","0","","Added","","System.Object[]","False"
"DisplayName","InstallDate","TimeLogged","Exported","RowError","RowState","Table","ItemArray","HasErrors"
"Office 16 Click-to-Run Localization Component","20250618","2025-07-23 15:57:35","0","","Added","","System.Object[]","False"
"DisplayName","InstallDate","TimeLogged","Exported","RowError","RowState","Table","ItemArray","HasErrors"
"Microsoft.NET.Workload.Emscripten.net8.Manifest (x64)","20250721","2025-07-23 15:57:35","0","","Added","","System.Object[]","False"
"DisplayName","InstallDate","TimeLogged","Exported","RowError","RowState","Table","ItemArray","HasErrors"
"Microsoft .NET Toolset 8.0.412 (x64)","20250721","2025-07-23 15:57:35","0","","Added","","System.Object[]","False"
"DisplayName","InstallDate","TimeLogged","Exported","RowError","RowState","Table","ItemArray","HasErrors"
"Microsoft.NET.Sdk.macOS.Manifest-8.0.100 (x64)","20250116","2025-07-23 15:57:35","0","","Added","","System.Object[]","False"
"DisplayName","InstallDate","TimeLogged","Exported","RowError","RowState","Table","ItemArray","HasErrors"
"Microsoft .NET 9.0 Templates 9.0.303 (x64)","20250721","2025-07-23 15:57:35","0","","Added","","System.Object[]","False"
"DisplayName","InstallDate","TimeLogged","Exported","RowError","RowState","Table","ItemArray","HasErrors"
"Microsoft ASP.NET Core 8.0.18 Targeting Pack (x64)","20250721","2025-07-23 15:57:35","0","","Added","","System.Object[]","False"
"DisplayName","InstallDate","TimeLogged","Exported","RowError","RowState","Table","ItemArray","HasErrors"
"Macrium Reflect Free","20250106","2025-07-23 15:57:35","0","","Added","","System.Object[]","False"
"DisplayName","InstallDate","TimeLogged","Exported","RowError","RowState","Table","ItemArray","HasErrors"
"OTPKEY Authenticator","20250106","2025-07-23 15:57:35","0","","Added","","System.Object[]","False"
"DisplayName","InstallDate","TimeLogged","Exported","RowError","RowState","Table","ItemArray","HasErrors"
"Microsoft .NET Standard Targeting Pack - 2.1.0 (x64)","20250116","2025-07-23 15:57:35","0","","Added","","System.Object[]","False"
"DisplayName","InstallDate","TimeLogged","Exported","RowError","RowState","Table","ItemArray","HasErrors"
"Microsoft Teams Meeting Add-in for Microsoft Office","20250721","2025-07-23 15:57:35","0","","Added","","System.Object[]","False"
"DisplayName","InstallDate","TimeLogged","Exported","RowError","RowState","Table","ItemArray","HasErrors"
"Microsoft .NET 8.0 Templates 8.0.412 (x64)","20250721","2025-07-23 15:57:35","0","","Added","","System.Object[]","False"
"DisplayName","InstallDate","TimeLogged","Exported","RowError","RowState","Table","ItemArray","HasErrors"
"Microsoft .NET AppHost Pack - 9.0.7 (x64_arm64)","20250721","2025-07-23 15:57:35","0","","Added","","System.Object[]","False"
"DisplayName","InstallDate","TimeLogged","Exported","RowError","RowState","Table","ItemArray","HasErrors"
"Microsoft.NET.Workload.Emscripten.Current.Manifest (x64)","20250618","2025-07-23 15:57:35","0","","Added","","System.Object[]","False"
"DisplayName","InstallDate","TimeLogged","Exported","RowError","RowState","Table","ItemArray","HasErrors"
"Microsoft.NET.Workload.Emscripten.net7.Manifest (x64)","20250721","2025-07-23 15:57:35","0","","Added","","System.Object[]","False"
"DisplayName","InstallDate","TimeLogged","Exported","RowError","RowState","Table","ItemArray","HasErrors"
"Microsoft Windows Desktop Targeting Pack - 9.0.7 (x64)","20250721","2025-07-23 15:57:35","0","","Added","","System.Object[]","False"
"DisplayName","InstallDate","TimeLogged","Exported","RowError","RowState","Table","ItemArray","HasErrors"
"NVIDIA Grafiktreiber 576.02","20250509","2025-07-23 15:57:35","0","","Added","","System.Object[]","False"
"DisplayName","InstallDate","TimeLogged","Exported","RowError","RowState","Table","ItemArray","HasErrors"
"NVIDIA App 11.0.4.526","20250721","2025-07-23 15:57:35","0","","Added","","System.Object[]","False"
"DisplayName","InstallDate","TimeLogged","Exported","RowError","RowState","Table","ItemArray","HasErrors"
"NVIDIA MessageBus 3 for NvApp","20250721","2025-07-23 15:57:35","0","","Added","","System.Object[]","False"
"DisplayName","InstallDate","TimeLogged","Exported","RowError","RowState","Table","ItemArray","HasErrors"
"NVIDIA Backend","20250721","2025-07-23 15:57:35","0","","Added","","System.Object[]","False"
"DisplayName","InstallDate","TimeLogged","Exported","RowError","RowState","Table","ItemArray","HasErrors"
"NvCpl","20250721","2025-07-23 15:57:35","0","","Added","","System.Object[]","False"
"DisplayName","InstallDate","TimeLogged","Exported","RowError","RowState","Table","ItemArray","HasErrors"
"NVIDIA PhysX-Systemsoftware 9.23.1019","20250106","2025-07-23 15:57:35","0","","Added","","System.Object[]","False"
"DisplayName","InstallDate","TimeLogged","Exported","RowError","RowState","Table","ItemArray","HasErrors"
"NVIDIA FrameView SDK 1.5.10920.35420203","20250721","2025-07-23 15:57:35","0","","Added","","System.Object[]","False"
"DisplayName","InstallDate","TimeLogged","Exported","RowError","RowState","Table","ItemArray","HasErrors"
"NVIDIA HD-Audiotreiber 1.4.3.2","20250509","2025-07-23 15:57:35","0","","Added","","System.Object[]","False"
"DisplayName","InstallDate","TimeLogged","Exported","RowError","RowState","Table","ItemArray","HasErrors"
"NVIDIA Install Application","20250721","2025-07-23 15:57:35","0","","Added","","System.Object[]","False"
"DisplayName","InstallDate","TimeLogged","Exported","RowError","RowState","Table","ItemArray","HasErrors"
"NVIDIA Container","20250721","2025-07-23 15:57:35","0","","Added","","System.Object[]","False"
"DisplayName","InstallDate","TimeLogged","Exported","RowError","RowState","Table","ItemArray","HasErrors"
"NVIDIA AIUser Container","20250721","2025-07-23 15:57:35","0","","Added","","System.Object[]","False"
"DisplayName","InstallDate","TimeLogged","Exported","RowError","RowState","Table","ItemArray","HasErrors"
"NVIDIA LocalSystem Container","20250721","2025-07-23 15:57:35","0","","Added","","System.Object[]","False"
"DisplayName","InstallDate","TimeLogged","Exported","RowError","RowState","Table","ItemArray","HasErrors"
"NVIDIA Session Container","20250721","2025-07-23 15:57:35","0","","Added","","System.Object[]","False"
"DisplayName","InstallDate","TimeLogged","Exported","RowError","RowState","Table","ItemArray","HasErrors"
"NVIDIA User Container","20250721","2025-07-23 15:57:35","0","","Added","","System.Object[]","False"
"DisplayName","InstallDate","TimeLogged","Exported","RowError","RowState","Table","ItemArray","HasErrors"
"NVIDIA NvDLISR","20250721","2025-07-23 15:57:35","0","","Added","","System.Object[]","False"
"DisplayName","InstallDate","TimeLogged","Exported","RowError","RowState","Table","ItemArray","HasErrors"
"NVIDIA Watchdog Plugin for NvContainer","20250721","2025-07-23 15:57:35","0","","Added","","System.Object[]","False"
"DisplayName","InstallDate","TimeLogged","Exported","RowError","RowState","Table","ItemArray","HasErrors"
"NVIDIA Telemetry Client","20250721","2025-07-23 15:57:35","0","","Added","","System.Object[]","False"
"DisplayName","InstallDate","TimeLogged","Exported","RowError","RowState","Table","ItemArray","HasErrors"
"NVIDIA ShadowPlay 11.0.4.500","20250721","2025-07-23 15:57:35","0","","Added","","System.Object[]","False"
"DisplayName","InstallDate","TimeLogged","Exported","RowError","RowState","Table","ItemArray","HasErrors"
"NVIDIA Virtual Audio 4.65.0.3","20250721","2025-07-23 15:57:35","0","","Added","","System.Object[]","False"
"DisplayName","InstallDate","TimeLogged","Exported","RowError","RowState","Table","ItemArray","HasErrors"
"Microsoft.NET.Sdk.Android.Manifest-8.0.100 (x64)","20250116","2025-07-23 15:57:35","0","","Added","","System.Object[]","False"
"DisplayName","InstallDate","TimeLogged","Exported","RowError","RowState","Table","ItemArray","HasErrors"
"Microsoft .NET Host FX Resolver - 8.0.17 (x64)","20250722","2025-07-23 15:57:35","0","","Added","","System.Object[]","False"
"DisplayName","InstallDate","TimeLogged","Exported","RowError","RowState","Table","ItemArray","HasErrors"
"Microsoft ASP.NET Core 8.0.17 Shared Framework (x64)","20250722","2025-07-23 15:57:35","0","","Added","","System.Object[]","False"
"DisplayName","InstallDate","TimeLogged","Exported","RowError","RowState","Table","ItemArray","HasErrors"
"Microsoft .NET AppHost Pack - 8.0.18 (x64_x86)","20250721","2025-07-23 15:57:35","0","","Added","","System.Object[]","False"
"DisplayName","InstallDate","TimeLogged","Exported","RowError","RowState","Table","ItemArray","HasErrors"
"Google Chrome","20250505","2025-07-23 15:57:35","0","","Added","","System.Object[]","False"
"DisplayName","InstallDate","TimeLogged","Exported","RowError","RowState","Table","ItemArray","HasErrors"
"Microsoft .NET 9.0 Templates 9.0.205 (x64)","20250618","2025-07-23 15:57:35","0","","Added","","System.Object[]","False"
"DisplayName","InstallDate","TimeLogged","Exported","RowError","RowState","Table","ItemArray","HasErrors"
"Remote Desktop Manager","20250721","2025-07-23 15:57:35","0","","Added","","System.Object[]","False"
"DisplayName","InstallDate","TimeLogged","Exported","RowError","RowState","Table","ItemArray","HasErrors"
"Sophos File Scanner","20250723","2025-07-23 15:57:35","0","","Added","","System.Object[]","False"
"DisplayName","InstallDate","TimeLogged","Exported","RowError","RowState","Table","ItemArray","HasErrors"
"Microsoft.NET.Sdk.tvOS.Manifest-9.0.100 (x64)","20250225","2025-07-23 15:57:35","0","","Added","","System.Object[]","False"
"DisplayName","InstallDate","TimeLogged","Exported","RowError","RowState","Table","ItemArray","HasErrors"
"Microsoft .NET Targeting Pack - 8.0.18 (x64)","20250721","2025-07-23 15:57:35","0","","Added","","System.Object[]","False"
"DisplayName","InstallDate","TimeLogged","Exported","RowError","RowState","Table","ItemArray","HasErrors"
"Microsoft .NET AppHost Pack - 9.0.6 (x64_x86)","20250618","2025-07-23 15:57:35","0","","Added","","System.Object[]","False"
"DisplayName","InstallDate","TimeLogged","Exported","RowError","RowState","Table","ItemArray","HasErrors"
"Microsoft.NET.Workload.Mono.Toolchain.Current.Manifest (x64)","20250721","2025-07-23 15:57:35","0","","Added","","System.Object[]","False"
"DisplayName","InstallDate","TimeLogged","Exported","RowError","RowState","Table","ItemArray","HasErrors"
"Microsoft .NET AppHost Pack - 9.0.7 (x64_x86)","20250721","2025-07-23 15:57:35","0","","Added","","System.Object[]","False"
"DisplayName","InstallDate","TimeLogged","Exported","RowError","RowState","Table","ItemArray","HasErrors"
"Microsoft.NET.Workload.Mono.Toolchain.net7.Manifest (x64)","20250721","2025-07-23 15:57:35","0","","Added","","System.Object[]","False"
"DisplayName","InstallDate","TimeLogged","Exported","RowError","RowState","Table","ItemArray","HasErrors"
"Microsoft.NET.Workload.Emscripten.net6.Manifest (x64)","20250721","2025-07-23 15:57:35","0","","Added","","System.Object[]","False"
"DisplayName","InstallDate","TimeLogged","Exported","RowError","RowState","Table","ItemArray","HasErrors"
"Microsoft .NET Host FX Resolver - 9.0.6 (x64)","20250618","2025-07-23 15:57:35","0","","Added","","System.Object[]","False"
"DisplayName","InstallDate","TimeLogged","Exported","RowError","RowState","Table","ItemArray","HasErrors"
"Microsoft .NET AppHost Pack - 8.0.18 (x64)","20250721","2025-07-23 15:57:35","0","","Added","","System.Object[]","False"
"DisplayName","InstallDate","TimeLogged","Exported","RowError","RowState","Table","ItemArray","HasErrors"
"Microsoft.NET.Workload.Mono.Toolchain.net8.Manifest (x64)","20250721","2025-07-23 15:57:35","0","","Added","","System.Object[]","False"
"DisplayName","InstallDate","TimeLogged","Exported","RowError","RowState","Table","ItemArray","HasErrors"
"Microsoft .NET AppHost Pack - 9.0.6 (x64)","20250618","2025-07-23 15:57:35","0","","Added","","System.Object[]","False"
"DisplayName","InstallDate","TimeLogged","Exported","RowError","RowState","Table","ItemArray","HasErrors"
"Microsoft ASP.NET Core 9.0.6 Shared Framework (x64)","20250618","2025-07-23 15:57:35","0","","Added","","System.Object[]","False"
"DisplayName","InstallDate","TimeLogged","Exported","RowError","RowState","Table","ItemArray","HasErrors"
"Microsoft.NET.Sdk.Aspire.Manifest-8.0.100 (x64)","20250116","2025-07-23 15:57:35","0","","Added","","System.Object[]","False"
"DisplayName","InstallDate","TimeLogged","Exported","RowError","RowState","Table","ItemArray","HasErrors"
"Microsoft .NET AppHost Pack - 8.0.18 (x64_arm64)","20250721","2025-07-23 15:57:35","0","","Added","","System.Object[]","False"
"DisplayName","InstallDate","TimeLogged","Exported","RowError","RowState","Table","ItemArray","HasErrors"
"Power Manager Version 6.0.0.25","20250624","2025-07-23 15:57:35","0","","Added","","System.Object[]","False"
"DisplayName","InstallDate","TimeLogged","Exported","RowError","RowState","Table","ItemArray","HasErrors"
"Microsoft .NET Runtime - 9.0.6 (x64)","20250618","2025-07-23 15:57:35","0","","Added","","System.Object[]","False"
"DisplayName","InstallDate","TimeLogged","Exported","RowError","RowState","Table","ItemArray","HasErrors"
"PowerShell 7-x64","20250721","2025-07-23 15:57:35","0","","Added","","System.Object[]","False"
"DisplayName","InstallDate","TimeLogged","Exported","RowError","RowState","Table","ItemArray","HasErrors"
"TestApp123","2025-06-29","2025-07-23","0","","Added","","System.Object[]","False"
